location,title,url,posted_date
회기역,회기) 이모네포장마차,https://blog.naver.com/klain_12/223455440100,9시간 전
회기역,02. 2024 _ 나 진짜 이런 정신머리로 이렇게 간다고?,https://blog.naver.com/princess_99_/223455448712,9시간 전
회기역,단순하게 커피만 마시는 카페는 No! 보드게임까지 즐기는 레이지클라우드 카페가...,https://blog.naver.com/alicehouse31/223453687980,8시간 전
회기역,동대문구 회기역 삼육보건대학교 VIP식당 고급도시락배달,https://blog.naver.com/brotherdosirak_nw/223448121468,8시간 전
회기역,상봉아이폰수리 신속하게 해결돼요,https://blog.naver.com/sheepgh8186/223454866890,8시간 전
회기역,성북구운전면허학원  면허취득 비용보다 더 중요한 합격률 운전면허학원 성북자동차학원,https://blog.naver.com/cooldrive114/223455478346,8시간 전
회기역,이문동고기집 조용한 동네에 전혀 조용하지 않은 고기집 이문동그집,https://blog.naver.com/mingmooo/223455327996,8시간 전
회기역,"[2024 LH] 동대문구 휘경동 행복주택 (보증금,전용면적 평수,내부사진, 월세)",https://blog.naver.com/pi-ok/223455472365,8시간 전
회기역,호법면전국화물배차 무안용달화물 분당화물서비스 삼동화물 실시간 예약 가능! 지금...,https://blog.naver.com/glowing65919/223455509498,7시간 전
회기역,창전동화물견적 교남동화물요금 목현동화물차 함양화물배송 정직하고 친절한...,https://blog.naver.com/polished12396/223455499199,7시간 전
회기역,진해화물배송 암사동화물서비스 문래동화물운송 김포공항화물운송비 친절하고 믿고...,https://blog.naver.com/squrehed33901/223455571521,6시간 전
회기역,상봉동전국화물운송/ 등촌동화물운송비/ 부천화물용달/ 군포전국화물배차...,https://blog.naver.com/forlorn13581/223455540552,6시간 전
회기역,[회기필라테스/경희대필라테스] 구운 채소 샌드위치 만드는 법_옐로우필라테스,https://blog.naver.com/yellowpilates1/223455553700,6시간 전
회기역,[외대필라테스/이문동필라테스] 저혈압 예방법_옐로우필라테스,https://blog.naver.com/yellowpilates1/223455549494,6시간 전
회기역,스카티카메론 퍼터 중고 많았던 의정부 구리 사당 강서 골프클럽매장,https://blog.naver.com/ehrudtn888/223455014348,5시간 전
회기역,5월 ! 맛이 있겠니 없겠니!,https://blog.naver.com/sso0ng_/223455582092,5시간 전
회기역,"회기동 월주차 _ 회기역 도보 5분거리의 지정석,단일 주차장",https://blog.naver.com/zoomansa1/223455635624,5시간 전
회기역,경희대 카공하기 좋은 카페 한시십일분 2호점 방문기,https://blog.naver.com/z_xcvbnm_1/223455579804,5시간 전
회기역,서울 나들이 & 혼영 (롯데시네마 동탄 / 범죄도시4 (쿠키X)),https://blog.naver.com/tict0c/223455675825,4시간 전
회기역,22일 수요일,https://blog.naver.com/fruittree3/223455697516,4시간 전
회기역,회기역 고기집 경희대맛집 회식장소 추천 숯불닭갈비 특수부위 팔각도,https://blog.naver.com/radiant_moments/223455644719,4시간 전
회기역,[ 캐나다 어학연수 Ep.01] 몬트리올 장기 어학연수 준비 과정 및 준비물 리스트...,https://blog.naver.com/yeoyul02/223455681052,4시간 전
회기역,[서울]매일가도 질리지않을 안주 맛집 회기역술집 ‘호텔글로리’,https://blog.naver.com/kimbyulee_0423/223455692500,4시간 전
회기역,5월 2주차 주간일기,https://blog.naver.com/namukchisio_8/223455746567,3시간 전
회기역,[회기역 맛집] 혼밥하기 좋은 다이어트 키토김밥 맛집 삼청당 경희대점,https://blog.naver.com/bookstore85/223455770282,3시간 전
회기역,동대문 호텔 동대문 가볼만한곳 경희대 근처 호텔 추천 가성비 좋은 숙소 호텔 모우,https://blog.naver.com/aksen3303/223454285287,3시간 전
회기역,"[구리시, 남양주시 대표 웨딩홀, 뷔페 맛집 ] "" 지음웨딩홀"" 서울 근교로 접근성이 좋고...",https://blog.naver.com/68lcj/223455831481,2시간 전
회기역,황학동화물용달 을지로용달화물 북가좌동화물금액 도선동화물차 길있는곳은 어디든...,https://blog.naver.com/tenderherted38958/223455793557,2시간 전
회기역,회기역 월주차 2번출구 인근 편리한곳,https://blog.naver.com/plqh9295/223455804000,2시간 전
회기역,회기 PT 맛집 애프터짐 [경희대PT 회기헬스],https://blog.naver.com/aftergym/223455806102,2시간 전
회기역,동대문 타이어 모닝 TA51 195 45 16 경차타이어추천!!,https://blog.naver.com/bmstire/223455813762,2시간 전
회기역,회기역 츄르케이크 마이크로케이크 :: 초미니케이크 주문 제작 후기,https://blog.naver.com/moodnyou_/223454915486,23시간 전
회기역,서울북부 2023타경3865 동대문구 휘경동 휘경해모로프레스티지아파트 경매,https://blog.naver.com/joyse0/223454934519,23시간 전
회기역,회기역 2번출구 PT 전문 애프터짐 헬스장,https://blog.naver.com/aftergym/223454898111,23시간 전
회기역,"6월 수업일정 안내 , 쥬니크공방 손뜨개수업",https://blog.naver.com/juknique/223454967085,22시간 전
회기역,외대 빵집 뽀르뚜아 | 시식되는 외대앞역 회기 빵집 메뉴소개,https://blog.naver.com/dizzy0201/223454966661,22시간 전
회기역,"서울 행복주택(가좌, 휘경) 모집공고-서울외 1순위 신청가능",https://blog.naver.com/moonlw/223454999871,22시간 전
회기역,스포벡 경희대점 '해머스트랭스 MTS' 머신입고 임박! <MTS 인클라인 체스트 프레스...,https://blog.naver.com/otamin/223455048556,21시간 전
회기역,베이커리와 분위기 맛집 회기역카페,https://blog.naver.com/tjdnjs20000/223455046618,21시간 전
회기역,회기역 근처 맛집 밥집 '큐큐면관' - 5년 거주민이 데려가준 곳,https://blog.naver.com/joppdbsk/223450702877,21시간 전
회기역,외대 한우 소갈빗살 찐고기맛집 이문동그집 본점,https://blog.naver.com/yummymonster_inc/223455079276,21시간 전
회기역,[서울 회기역] 삼복 한방 닭한마리 후기,https://blog.naver.com/sh9510/223455123725,20시간 전
회기역,동대문구 휘경센트레빌 구축 아파트 시스템에어컨 교체와 신규 설치!,https://blog.naver.com/jinair7/223455858042,1시간 전
회기역,반 클래식 음악연습실 가오픈 예약 안내,https://blog.naver.com/vanclassic/223455889012,1시간 전
회기역,"경희의료원 간병인, 회기역 경희의료원병원 간병인, 동대문구 경희대학교병원 간병인...",https://blog.naver.com/hadacare_/223455837401,1시간 전
회기역,Typeservice Web,https://blog.naver.com/chanminwoo0406/223455155557,19시간 전
회기역,4월 일상이야기 ] 세잎클로버 같은 4월 살기☘️,https://blog.naver.com/zee03162/223455172176,19시간 전
회기역,무모증을 위한 음모패드 음모정리 풍성한 여인,https://blog.naver.com/speed8785/223455157638,19시간 전
회기역,"회기 경희대 도시락 케이크, 레터링케이크(팅키케이크, 구움별당, 츄르케이크)",https://blog.naver.com/jh11230/223455158519,19시간 전
회기역,"회기 분위기 좋은 술집 추천, 루프탑 + 펍 느낌 가득 맛집 “해피디쉬클럽”",https://blog.naver.com/1mungyeong/223455163468,19시간 전
회기역,[외대필라테스/이문동필라테스] 식후에 피해야하는 습관_옐로우필라테스,https://blog.naver.com/yellowpilates1/223455155676,19시간 전
회기역,닭갈비제작소 경희대점 솔직 후기 (닭갈비 무한리필),https://blog.naver.com/akedora/223455177772,19시간 전
회기역,서울 가좌 휘경 행복주택 예비입주자모집공고 (주택영상있음),https://blog.naver.com/l_vsoft/223455202074,18시간 전
회기역,"문산급행 정차역, 구리역 경의중앙선 시간표",https://blog.naver.com/tmdqja1756/223455226211,18시간 전
회기역,웨딩밴드 디자이너 브랜드 스퀘어앤트라이앵글 결혼반지 제작 후기 금액,https://blog.naver.com/gimnegi/223455235465,18시간 전
회기역,"행복주택 예비입주자 청약 신청 총정리 (월세 6만원부터,초역세권, 가좌역/회기역)",https://blog.naver.com/newchorok/223455224162,18시간 전
회기역,MJ스포랜드 회기점 위치 및 정보,https://blog.naver.com/usefullbox/223455331524,16시간 전
회기역,2024년 5월 3주차,https://blog.naver.com/moomoodeath/223455319192,16시간 전
회기역,회기역 맛집 회기왕갈비탕 점심 혼밥하기 좋은 외대 맛집,https://blog.naver.com/kwakyoukyeong/223455354721,16시간 전
회기역,류아 필라테스 회기점 위치 및 정보,https://blog.naver.com/usefullbox/223455333236,16시간 전
회기역,[25년 상반기견적] 벨라루체서울 투어O 견적공유O,https://blog.naver.com/chain0810/223455396850,15시간 전
회기역,경희대맛집 분위기맛집 마라카츠 모짜렐라치즈카츠 마제소바 오레노카츠 경희대점,https://blog.naver.com/st338/223455923578,44분 전
회기역,아차산 ~ 망우산,https://blog.naver.com/blessingsuk/223455927185,42분 전
회기역,"대전, 서울 하이거, BYD 운행노선현황",https://blog.naver.com/angel060711/223454408552,2024-05-22
회기역,회기역 가성비 퀄리티 오마카세 스시히노하루 런치 내돈내산 후기,https://blog.naver.com/a1787a1787/223452526054,2024-05-22
회기역,[외대필라테스/이문동필라테스] 두피건강에 좋은 음식_옐로우필라테스,https://blog.naver.com/yellowpilates1/223454457942,2024-05-22
회기역,[맛집] 경희대 따께리아 라비다 (멕시코 음식),https://blog.naver.com/creditsub/223454645068,2024-05-22
회기역,"[맛집로그] 이 가격에 파전, 곱창전골, 옥수수콘, 떡볶이가 한 세트? 이모네 왕 파전 회기역",https://blog.naver.com/jincho__/223454882807,2024-05-22
회기역,제목추천해즈세요,https://blog.naver.com/jeongkyeong95/223454301934,2024-05-22
회기역,"ITX 청춘 정차역, 가평역/남춘천역/춘천역 경춘선 시간표",https://blog.naver.com/tmdqja1756/223454495743,2024-05-22
회기역,서울동대문구아파트경매  동대문구 휘경동 375  휘경해모로프레스티지 33평...,https://blog.naver.com/tmddn1967/223454666799,2024-05-22
회기역,"팔당급행 용문급행 정차역, 행신역 경의중앙선 시간표",https://blog.naver.com/tmdqja1756/223454855172,2024-05-22
회기역,낯선 곳에서 재미를 추구하다,https://blog.naver.com/jjng1219/223454235615,2024-05-22
회기역,"동대문구 휘경동, 회기역 찐 맛집 <놀부 만두>",https://blog.naver.com/clubnina/223454227527,2024-05-22
회기역,이문동 경희대 혼밥 가성비 맛집 추천 회기 할머니보쌈,https://blog.naver.com/carpediem0910/223442298304,2024-05-22
회기역,"벨라루체 서울, 건대스타시아트홀 웨딩홀 투어 다녀왔어요! (투어 후! 계약까지!)",https://blog.naver.com/shu_0704/223454346857,2024-05-22
회기역,버티는자가 승리한다,https://blog.naver.com/miinsunee_/223454728817,2024-05-22
회기역,회기역 PT 운동 전 폼롤러를 해야 하는 이유,https://blog.naver.com/beom-pt/223454396373,2024-05-22
회기역,이문 아이파크자이 오피스텔 IM594 이문동 모델하우스,https://blog.naver.com/lastdreamer/223454255090,2024-05-22
회기역,경희대 디저트 젤라또 : 더와요,https://blog.naver.com/jojooo99/223433838454,2024-05-22
회기역,또띠아의 만남 - 닭갈비도시 또띠아/회기역 술집 맛집/휘경동 술집 맛집/회기역 저녁 추천,https://blog.naver.com/going_gy/223454684089,2024-05-22
회기역,회기 ) 회기역술집 경희대 근처 레트로 안주 맛집 ' 회기호프 ' 내돈내산 - 옛날 st 호프집,https://blog.naver.com/cxz0895/223454605672,2024-05-22
회기역,(회기/필라테스 학원) 필라테스 에비뉴 센터 후기/주차,https://blog.naver.com/re_viewhada/223454673692,2024-05-22
회기역,성북구운전면허학원 비용 평일 주말 연습 시험 저렴한운전면허학원 가격,https://blog.naver.com/letter9736/223454809429,2024-05-22
회기역,[회기필라테스/경희대필라테스] 병아리콩 샐러드 샌드위치 만드는 법_옐로우필라테스,https://blog.naver.com/yellowpilates1/223454461261,2024-05-22
회기역,[회기역 카페] 경희대 시립대 근처 공부하기 좋은 감성 카페 한시십일분,https://blog.naver.com/bookstore85/223454704693,2024-05-22
회기역,"[서울 동대문] 회기 갤러리 베이커리맛집 카페, 샤갈의마을",https://blog.naver.com/love2011115/223452323016,2024-05-22
회기역,"위아짐 회기역pt 전문 헬스장, 피티 초보라면 조보경트레이너!",https://blog.naver.com/orot-i/223454276784,2024-05-22
회기역,시립대 원룸 구할때 몇가지 팁 공개!!,https://blog.naver.com/jinsimon33/223454236834,2024-05-22
회기역,휘경동맛집 닭갈비의 매력에 다시 빠지게 된 닭갈비도시,https://blog.naver.com/mingmooo/223454190156,2024-05-22
회기역,경희대 카공하기 좋은 한시십일분 방문기,https://blog.naver.com/z_xcvbnm_1/223454398625,2024-05-22
회기역,"2024.5.11.~12.한복나들이-이태원,회기,덕수궁,청계천",https://blog.naver.com/miyazuka/223454837784,2024-05-22
회기역,경희대 고기 맛집 회기왕족발보쌈,https://blog.naver.com/garliclover/223454570430,2024-05-22
회기역,회기역 개인파산 부담 맞게 진행,https://blog.naver.com/sentence3359/223454277680,2024-05-22
회기역,회기역pt 뻣뻣해서 데드리프트가 안되던 회원님의 데드 자.동.완.성 PT후기,https://blog.naver.com/wearegym02/223454786602,2024-05-22
회기역,경희대삼겹살 맛집 따띠삼겹 회기점: 집에서 냄새없이 따끈한 삼겹살 먹는 꿀팁♡,https://blog.naver.com/leeyunji0616/223454595040,2024-05-22
회기역,수입차 휠 얼라인먼트가 무료로 진행되는 청량리 타이어 전문점,https://blog.naver.com/bmstire/223454771526,2024-05-22
회기역,"[회기필라테스 | 회기요가] 요가, 필라테스 한번에 잡아보자!",https://blog.naver.com/yogafirepila/223454647619,2024-05-22
회기역,넓고 쾌적한 동대문구 볼링장 휘경동 우창볼링센터,https://blog.naver.com/hyunjaenow/223454775677,2024-05-22
회기역,회기 더스터디카페 회기역 공부할곳,https://blog.naver.com/sjean55/223454529682,2024-05-22
회기역,회기 경희대 맛집 '회기버거' 회기본점 수제버거 치즈버거 감자튀김 콜라이벤트...,https://blog.naver.com/twinduswjd/223454573563,2024-05-22
회기역,회기역 카페 도망 노트북 작업하기 좋은 조용한 분위기,https://blog.naver.com/kmk96/223454737908,2024-05-22
회기역,회기역 호텔 모우 경희대 한국외대 근처숙소,https://blog.naver.com/mukgojayo/223453331578,2024-05-21
회기역,동대문구 휘경동 해모로프레스테지아파트경매,https://blog.naver.com/mne9278/223453938329,2024-05-21
회기역,회기역 예쁜 카페 추천 수플레 팬케이크 디저트 카페양귀비,https://blog.naver.com/0617winner/223453334668,2024-05-21
회기역,"술고래_ 청량리,회기역 핵가성비 한식뷔페",https://blog.naver.com/wayforfuture/223451862964,2024-05-21
회기역,LH 서울 휘경 행복주택 예비입주자 모집 공고 정보,https://blog.naver.com/hitchuda/223453735164,2024-05-21
회기역,회기역 크루키 버터스카치 맛집 마이달리아,https://blog.naver.com/salanghe96/223453226626,2024-05-21
회기역,인기 피닉스 파크골프채 추천 부모님 취미생활 선물 택배 완벽,https://blog.naver.com/ehrudtn888/223453743995,2024-05-21
회기역,"[알기쉬운교정사전]휘경동 틀어진 윗니 남자 치아 교정, 바로 잡는 방법과 기간",https://blog.naver.com/wenly7/223453509336,2024-05-21
회기역,"[일상] 스프링브리즈 in Campus (기리보이, 한요한, 비와이, 비아이)",https://blog.naver.com/creditsub/223453483641,2024-05-21
회기역,[서울]#연근칩 만들기,https://blog.naver.com/hyun5387/223454094371,2024-05-21
회기역,2024 경희대 축제 출연 가수 라인업 경희대학교 공연 데이식스 잔나비 에스파 잔나비...,https://blog.naver.com/ymillall/223453271781,2024-05-21
회기역,청년대출 가능한  외대앞 메인 대로변 편리한 복층형오피스텔,https://blog.naver.com/pmjqqq/223453516456,2024-05-21
회기역,"회기 무드베이킹, 경희대 에그타르트 소금빵 까눌레 맛집 카페 추천",https://blog.naver.com/sjy5846/223453274638,2024-05-21
회기역,"1인가구 입주 가능한 서울 행복주택 떴다.(ft.가좌,휘경)",https://blog.naver.com/woojubr/223453405712,2024-05-21
회기역,이문 아이파크 자이 2억대 원룸 소형 오피스텔 신규 분양! 동대문구 이문동 분양가...,https://blog.naver.com/woqjfenend/223453975769,2024-05-21
회기역,"시립대.경희대.외대 근처 카공 카페 추천 ㅣ '카페 휙' 동대문구 디저트 맛집, 시립대...",https://blog.naver.com/hee_mmishh/223453560930,2024-05-21
회기역,회기 카페 - 레프트 카페,https://blog.naver.com/ddo_yam/223453987816,2024-05-21
회기역,"[경희대/회기 맛집]""룽쟝 족발덮밥""에서 내돈내산 점심 후기",https://blog.naver.com/koomj6986/223453579277,2024-05-21
회기역,경희대안경 아이데코안경 서울경희대점,https://blog.naver.com/qorhvk181/223454010652,2024-05-21
회기역,경희대 축제 시간 라인업 서울캠 가볼만한곳,https://blog.naver.com/tbtpublic/223453337775,2024-05-21
회기역,쿠팡택배 퀵플렉스 배송기사 채용 정보 모집안내,https://blog.naver.com/dlfhs_25/223453737471,2024-05-21
회기역,동대문아파트경매 휘경동 휘경해모로프레스티지 경매,https://blog.naver.com/bujaauction/223453435957,2024-05-21
회기역,[서울 동대문] 호텔글로리 회기본점ㅣ24시간 영업 경희대 가성비 술집ㅣ회기...,https://blog.naver.com/chaewon6506/223453860298,2024-05-21
회기역,"회기역 경희대 술집 :: 비스트로99, 분위기 좋은 칵테일 안주 맛집!",https://blog.naver.com/jinjini7/223453812414,2024-05-21
회기역,회기역 비뇨기과 요로결석 예방하는 방법에 대해서,https://blog.naver.com/doctor1204/223453394014,2024-05-21
회기역,성수 _ 스테치(stetch) : 옷수선 컨셉 이색 카페 (feat. 춘하추우동),https://blog.naver.com/bing____/223453431904,2024-05-21
회기역,외대앞 헬스장 휘트니스엠 외대점 후기,https://blog.naver.com/supermoon2026/223454192060,2024-05-21
회기역,"[회기 속눈썹]제이에스뷰티 속눈썹 펌 후기, 속눈썹 펌 맛집",https://blog.naver.com/seyoung_2_/223454142938,2024-05-21
회기역,경희대 카페 _ 인생 크루키 만난 회기역 버터스카치 맛집 마이달리아,https://blog.naver.com/cje3595/223454089314,2024-05-21
회기역,[회기역/경희대 맛집] 강금옥 쭈꾸미 경희대점 (대창 쭈꾸미 + 달갈비 쭈꾸미 + 볶음밥...,https://blog.naver.com/oppuu/223452594370,2024-05-21
회기역,[회기 헬스 PT] 코어의 중요성,https://blog.naver.com/gymym/223453061215,2024-05-21
회기역,나도 장사 안하고 가고싶은 경희대 축제 [대동제] 라인업 미쳤다.....(경희대 근처 주차정보),https://blog.naver.com/kwunil1020/223453424155,2024-05-21
회기역,"[LH임대주택] 서울 가좌, 휘경 행복주택 예비입주자 모집 공고",https://blog.naver.com/bbx666/223453855496,2024-05-21
회기역,경희대맛집 상록회관 연탄구이 경희대점에 다녀왔어요.,https://blog.naver.com/dahyun6991/223453372741,2024-05-21
회기역,부리부리 삼용이,https://blog.naver.com/weloveeee2/223453345733,2024-05-21
회기역,[회기 맛집] 큐큐면관 회기점 - 혼밥 하기 좋은 중국집! 청결하고 넓은 매장!,https://blog.naver.com/iiolloll/223449157478,2024-05-21
회기역,강제추행 치상 혐의 조력은,https://blog.naver.com/udegco16/223453857072,2024-05-21
회기역,"회기역 맛집 탐방_<여기가 좋겠네> 닭볶음탕, 고기떡볶이_내돈내산",https://blog.naver.com/sh28ho/223453887393,2024-05-21
회기역,"[무등산왕돌구이집/장한평역맛집]미나리 생 삼겹살, 오리로스, 장안동 맛집",https://blog.naver.com/she0450/223453666313,2024-05-21
회기역,"[서울 동대문구] 경희대 회기역 혼밥, 점심식사하기 넘 좋은 '난바 우동'",https://blog.naver.com/bestest_dailylife/223453918978,2024-05-21
회기역,회기역 보관이사 비교로 더욱 만족스러울거에요,https://blog.naver.com/vxcije90r5348/223404386414,2024-05-21
회기역,동대문구 실용음악학원 동대문구 보컬학원 동대문구 댄스학원 동대문구 드럼학원...,https://blog.naver.com/fwinds/223453949980,2024-05-21
회기역,스포벡 경희대점 '해머스트랭스 MTS' 머신입고 임박! <MTS 레터럴 로우 소개편> 회기...,https://blog.naver.com/otamin/223453877688,2024-05-21
회기역,[맛집]회기역 /경희대 닭꼬치의 정석 “압구정닭꼬치 회기역점”,https://blog.naver.com/sj2532355/223453678012,2024-05-21
회기역,[냉면기행] 평양냉면 VS  함흥냉면 (5.21)⠀,https://blog.naver.com/007young/223453993556,2024-05-21
회기역,[회기필라테스/경희대필라테스] 맛있는 오나오 레시피 추천_옐로우필라테스,https://blog.naver.com/yellowpilates1/223453296046,2024-05-21
회기역,손해배상전문변호사 소 상담을 통해서,https://blog.naver.com/wild19005/223453761769,2024-05-21
회기역,회기역 파전골목_가성비 파전 맛집 추천 <솥뚜껑 철판 파전>,https://blog.naver.com/joyroom__/223454215110,2024-05-21
회기역,"나만 알고 싶은 회기역 카페 마이달리아 ㅣ크루키, 갸또, 버터스카치, 웨딩밀크티",https://blog.naver.com/n_arimm/223453846102,2024-05-21
회기역,회기역 또와양꼬치 샤브샤브 경희대 근처 정통 중국풍 맛집 후기,https://blog.naver.com/monolife23/223453163314,2024-05-21
회기역,"회기/경희대 삼겹살 맛집, 고깃집 도훈 (feat. 백종원 골목식당 출연, 밑반찬 푸짐)",https://blog.naver.com/senny_y/223454003723,2024-05-21
회기역,회기역 2번출구 휘경동 닭갈비 맛집 닭갈비도시 추천 후기,https://blog.naver.com/kymicha/223453476697,2024-05-21
회기역,회기 경희대 돈까스 맛집 카츠정연,https://blog.naver.com/garliclover/223454104558,2024-05-21
회기역,"경희대 근처  초밥집_회기역 ""스시선생""",https://blog.naver.com/minggging-/223453265594,2024-05-21
회기역,회기역 2번출구 맛집 삼삼뼈국 늦었지만 약속지키기ㅋㅋㅋ 얼큰 삼삼 뼈국 데려옴!.,https://blog.naver.com/love0105uu/223453071303,2024-05-21
회기역,"[휘경동] 국내산 닭다리살로 만드는 닭갈비 맛집, 닭갈비도시",https://blog.naver.com/moodi_0331/223452825595,2024-05-20
회기역,장안동안경 퍼스트안경원 뿔테안경 후기,https://blog.naver.com/hyeye771/223452181042,2024-05-20
회기역,테일러메이드 Qi10 드라이버 상상이상이었고 구리골프샵 또 찾게 되는,https://blog.naver.com/ehrudtn888/223452723725,2024-05-20
회기역,[청량리 맛집] 서울뼈구이 주말 저녁 오픈런 후기(내돈내산),https://blog.naver.com/jooonetwothree/223452907602,2024-05-20
회기역,전국에 하나 남은 그 시절 추억의 민토 - 경희대 민들레영토,https://blog.naver.com/bestgreedfood/223452494279,2024-05-20
회기역,[경희대/회기] 차별화된 멕시코 요리를 맛볼 수 있는 <따께리아 라 비다>,https://blog.naver.com/novelisthan/223452426790,2024-05-20
회기역,중간고사칠라고밥상폈다,https://blog.naver.com/kyuryanee/223452451678,2024-05-20
회기역,[회기필라테스/경희대필라테스] 서울 크루키 맛집_옐로우필라테스,https://blog.naver.com/yellowpilates1/223452118182,2024-05-20
회기역,이거 완전 럭키비키잖앙,https://blog.naver.com/th9515/223452757397,2024-05-20
회기역,4월을 보내는 쟐댕이의 보통 일상,https://blog.naver.com/yunripple/223452812011,2024-05-20
회기역,[행복주택] 서울 가좌/서울 휘경 예비입주자 모집 (~5/29),https://blog.naver.com/boongoleo/223453032993,2024-05-20
회기역,경희대 헬스장 / 회기pt / 스포벡 경희대점 양중모 트레이너 회원님의 인바디 결과를...,https://blog.naver.com/otamin/223452660174,2024-05-20
회기역,2024 교직원공제회 The-K콘서트 경희대평화의전당 후기,https://blog.naver.com/654321su/223451496918,2024-05-20
회기역,회기 필라테스 7일차 (필라여대 3호점) 후기,https://blog.naver.com/lavender_som/223453023012,2024-05-20
회기역,"서울 가좌, 휘경 행복주택 신청대상 및 임대조건 정보",https://blog.naver.com/kor56789/223450766356,2024-05-20
회기역,경희대맛집 [호텔글로리 회기본점] 안주가 대박이여,https://blog.naver.com/inmes2/223451627697,2024-05-20
회기역,오늘 하루 카페,https://blog.naver.com/beautydh99/223452312980,2024-05-20
회기역,필라테스 1일차 후기 회기 로움 요가 필라테스,https://blog.naver.com/twinduswjd/223452347365,2024-05-20
회기역,"외대/경희대 곱창 맛집, 홍곱창",https://blog.naver.com/esmercinea_20/223452242673,2024-05-20
회기역,"회기 경희대 진키친, 명란 오차즈케 아직도 안드셔보셨어요?",https://blog.naver.com/conmig5/223452648843,2024-05-20
회기역,[서울] 경희대맛집 일식집 모코모코 키마카레우동,https://blog.naver.com/mini2132/223446939268,2024-05-20
회기역,드디어 구매한 기후동행카드 구매 및 충전,https://blog.naver.com/leah2401/223446132950,2024-05-20
회기역,필라테스 에비뉴 시설 수업 후기,https://blog.naver.com/v10987/223452227141,2024-05-20
회기역,스포벡 경희대점 '해머스트랭스 MTS' 머신입고 임박! <MTS 숄더프레스 소개편> 회기...,https://blog.naver.com/otamin/223452713906,2024-05-20
회기역,휘경동 삼육서울병원 가성비 좋은 김밥천국 회기점 메뉴 추천,https://blog.naver.com/iivw721/223452644941,2024-05-20
회기역,합정 딸기 생크림 케이크 피오니 peony,https://blog.naver.com/ibbi8052/223452154941,2024-05-20
회기역,[회기 헬스장/외대 PT]허리가 아프다?? (스웨이백 편),https://blog.naver.com/strangth_coch/223452527349,2024-05-20
회기역,동대문 마을버스 차종(2024.05.20 기준),https://blog.naver.com/angel060711/223452281415,2024-05-20
회기역,"[서울/회기] 꽃차를 경험할 수 있는 티오마카세, 티클래스 내돈내산 후기 - 그대...",https://blog.naver.com/mk_fff/223452679206,2024-05-20
회기역,5월 일상(수영하고 먹고 달리고),https://blog.naver.com/pse07bitch22/223452635487,2024-05-20
회기역,휘경동 맛집 닭갈비도시 (도시닭갈비 2인),https://blog.naver.com/14catorce/223452589955,2024-05-20
회기역,삼겹살은 남이구워주는 삼겹살이 제일 맛있다 경희대삼겹살 따띠삼겹 회기점,https://blog.naver.com/odi01/223452917392,2024-05-20
회기역,서울 가좌역 휘경 행복주택 LH 입주자모집 및 입지환경 신청자격,https://blog.naver.com/jaylucky2347/223453028072,2024-05-20
회기역,경희대 회기역 타코 맛집 코타,https://blog.naver.com/adiosgallery/223452936217,2024-05-20
회기역,"동대문구필라테스,필라테스 에비뉴 가격비용,주차이용시간",https://blog.naver.com/ddl070123/223452275374,2024-05-20
회기역,"회기역 월주차장 _  회기역 주차, 기분 좋은 해결책!",https://blog.naver.com/zoomansa1/223452163151,2024-05-20
회기역,[회기역/경희대 네일샵 추천] 반디인하우스큐릭스 회기점 :: 패디 맛집 인정 / 인근 주차...,https://blog.naver.com/taeyeon1116/223452970092,2024-05-20
회기역,회기역 3000원 김찌,https://blog.naver.com/igrss/223452115191,2024-05-20
회기역,회기역 가성비 만원 오마카세,https://blog.naver.com/igrss/223451874898,2024-05-20
회기역,서울 동대문구 강동구 회기역 고덕역 경희의료원 경희대학교병원 1:1 간병인이...,https://blog.naver.com/s_care9088/223452190410,2024-05-20
회기역,[서울] 회기역/경희대 보쌈김치 맛집 '회기왕족발보쌈',https://blog.naver.com/jini_s_/223452296522,2024-05-20
회기역,"동대문 청량리 비뇨기과 증상 없는 성병, 방치하면 큰일납니다!  트리코모나스...",https://blog.naver.com/fowndnvq/223452285725,2024-05-20
회기역,회기역 경희대 매운갈비찜 한식 감자전 뜰아래,https://blog.naver.com/dear46/223452204213,2024-05-20
회기역,"플록에서 저녁모임, 북악 스카이웨이 낮바리️, 삼청동 데우스",https://blog.naver.com/idontwannabeathinker/223451963164,2024-05-20
회기역,22년 전통의 깔끔한맛 집 회기역닭갈비 닭갈비도시°C,https://blog.naver.com/odi01/223452818788,2024-05-20
회기역,[회기역 술집] 황제순대국밥 경희대 배달 맛집,https://blog.naver.com/52n092/223451873084,2024-05-20
회기역,"동대문구필라테스,라파필라테스 회기점 가격비용,주차이용시간",https://blog.naver.com/ddl070123/223452279037,2024-05-20
회기역,[경희대학교] 1학년 호린이의 세 번째 성장 일기: 경희대 서울캠 학식과 맛집 먹어보기,https://blog.naver.com/khu_hotel_1p-media/223452675172,2024-05-20
회기역,"지하철 1호선의 모든것, 왜 1호선은 연착이 심할까?",https://blog.naver.com/dmdwidi/223452699618,2024-05-20
회기역,"경매 서울 임장반 중랑구, 동대문구_6주차",https://blog.naver.com/skskhhs/223448232253,2024-05-20
회기역,회기역 맛집 또띠아가 별미인 닭갈비 도시,https://blog.naver.com/maro-masi/223452529274,2024-05-20
회기역,[회기역 호텔글로리] 안주가 다양하고 푸짐한 경희대 앞 24시간 술집!,https://blog.naver.com/lazysundae/223451524750,2024-05-20
회기역,서울 회기사진관 스튜디오 줌인 :: 빈티지 레트로 컨셉 촬영 후기! (Ft. 고양이들),https://blog.naver.com/shichichi/223452065427,2024-05-20
회기역,회기맛집 호텔글로리에서 배달 가능한 혜자 순대국 황제순대국밥,https://blog.naver.com/tnwjd2050/223453038523,2024-05-20
회기역,회기동 헬스장 스포벡휘트니스 경희대점 추천 1순위 가격 주차 예약 리뷰 알아봐요,https://blog.naver.com/wnting48594/223452419272,2024-05-20
회기역,[123] 회기역 역명판 <2024년>,https://blog.naver.com/minju4158/223452893026,2024-05-20
회기역,[회기] 놀부만두 : 모밀/만두 - 은근히 다시 생각나는 맛 좋은 만두와 달큼한 모밀,https://blog.naver.com/david0302/223440302559,2024-05-20
회기역,회기 맛집 _ 가성비 한식 혼밥 문제없는 사나이뚝배기 경희대점,https://blog.naver.com/cje3595/223452916856,2024-05-20
회기역,회기역 미용실 세르피에 원탑 승희디자이너,https://blog.naver.com/luv_howd/223450893922,2024-05-20
회기역,경희대 필라테스 / 운동 목적에 따른 최적의 운동 선택 가이드!,https://blog.naver.com/mjspoland/223451286599,2024-05-19
회기역,회기마라탕 경희대맛집 샹츠마라 경희대점,https://blog.naver.com/qorhvk181/223450956283,2024-05-19
회기역,5월 일기 <1>,https://blog.naver.com/qwertylovesme/223451037493,2024-05-19
회기역,~240519 일상,https://blog.naver.com/tmdwn0795/223451264356,2024-05-19
회기역,"서울 가좌, 휘경 행복주택 LH청약플러스 예비입주자 모집 분양가와 신청자격은 !?",https://blog.naver.com/mrkim11_/223451428198,2024-05-19
회기역,상상한 적 없는 온도 더 높이 ️,https://blog.naver.com/kumo0916/223451623137,2024-05-19
회기역,우당탕탕마라탕후루 서울여행,https://blog.naver.com/ahyeon050427/223451398206,2024-05-19
회기역,"발품 팔더라도 꼭 가봐야 할 회기역, 삼육서울병원입구 맛집 국수 '뚝방국수'",https://blog.naver.com/high604/223451704671,2024-05-19
회기역,덕순루 - 숙대/숙대입구 65년 전통의 중국집 맛집,https://blog.naver.com/waveletter/223451208376,2024-05-19
회기역,회기 휘경동 카페 <웰컴투마이홈> 소금빵 크루키 맛집,https://blog.naver.com/ehqt_05/223451473760,2024-05-19
회기역,"회기 경희대 한우모듬곱창 [인생소곱창] 주류 다양, 7시 전 육회 서비스...",https://blog.naver.com/enoughddu/223451683782,2024-05-19
회기역,서울 라면 맛집 경춘자의 라면 땡기는 날 라면점빵 띵라면 틈새라면,https://blog.naver.com/cometjang/223451508968,2024-05-19
회기역,"휘경동 회기역 카페 웰컴투마이홈 아늑한 공간의 크루키, 베이커리 맛집",https://blog.naver.com/female50/223451483924,2024-05-19
회기역,[일구구삼 : 고기요리] 회기역 쫀득한 천겹살 파는 고기집,https://blog.naver.com/leeeunseooo/223451652570,2024-05-19
회기역,회기역 개인회생 똑똑하게 사용하는 방법 A to Z,https://blog.naver.com/end4604/223451141518,2024-05-19
회기역,경희대생 필수 코스 회기역 맛집 멍군집,https://blog.naver.com/pinaloha/223451860453,2024-05-19
회기역,가평 양평 제주 동두천 포천 국산파크골프채 가격 대회준비 준비철저,https://blog.naver.com/kildshin/223451449271,2024-05-19
회기역,경희대 파스타 맛집 매스플레이트 회기역 맛집,https://blog.naver.com/kwakyoukyeong/223451860962,2024-05-19
회기역,경희대맛집 쌀국수 찐맛집으로 하마쌀국수 추천,https://blog.naver.com/hj_lee81/223447518685,2024-05-19
회기역,"회기역 맛집 회기왕갈비탕 한국외대 맛집 추천, 주차 정보",https://blog.naver.com/doingme/223451578056,2024-05-19
회기역,"재밌는 5월 중순 / 회기 속눈썹펌 예뽐뷰티, 홍콩반점 볶음짬뽕에 후라이추가, 홍대...",https://blog.naver.com/9471realred/223451733997,2024-05-19
회기역,회기역/중랑역/광운대역/상봉역 경춘선 시간표,https://blog.naver.com/tmdqja1756/223451365636,2024-05-19
회기역,"회기역 카페 :: 한시십일분, 시립대 경희대 근처 카공 디저트 맛집!",https://blog.naver.com/jinjini7/223451417960,2024-05-19
회기역,재개발 : 동대문구 청량리동 19번지 일대 (떡전교사거리),https://blog.naver.com/hyreinvestlab/223451427799,2024-05-19
회기역,"[경희대/회기역 맛집] 멍군집(목반삼반,김치찌개,잔치국수 내돈내산)",https://blog.naver.com/jooonetwothree/223451371552,2024-05-19
회기역,골프채 보상교환 골프클럽 중고 매입 직접 방문해서 신품 교체까지 갓벽,https://blog.naver.com/ehrudtn888/223451363675,2024-05-19
회기역,공간네일 경희대점 : 은지쌤 짱 : 알잘딱깔센 : 회기역 네일샵 추천,https://blog.naver.com/z_ziu/223451419083,2024-05-19
회기역,주간일기 - 도수치료 받는 일상과 주말 날씨가 너무 좋아 기분 째지는 사람의 일기,https://blog.naver.com/timtamz/223451312434,2024-05-19
회기역,같은 삼겹살인대 왜 가게 마다 다른걸까?-신중동 금돝,https://blog.naver.com/hustoky/223451606847,2024-05-19
회기역,회기 육회 맛집 육초연 점심 밥집 6900원,https://blog.naver.com/dykong950728/223451830348,2024-05-19
회기역,매스플레이트_회기 파스타 맛집,https://blog.naver.com/duoeun01/223451091685,2024-05-19
회기역,[회기] 우삼겹이 올라간 곱이 가득한 모둠곱창을 맛볼 수 있는 경희대 맛집 <인생소곱창>,https://blog.naver.com/coooo3/223451675483,2024-05-19
회기역,서울 골프레슨 / 월드 골프 스크린 / 가격주차리뷰,https://blog.naver.com/everdot1/223451741324,2024-05-19
회기역,드디어 찾았습니다. 회기역인근서울숨은크루기 맛집 마이달리아,https://blog.naver.com/odi01/223451254203,2024-05-19
회기역,회기사진관 교복 빈티지 컨셉 프로필 Y2K 감성 스튜디오줌인,https://blog.naver.com/huinvi/223451799487,2024-05-19
회기역,‘부대찌개‘ 제공하는 경희대 여성전용 원룸텔 고시원 리빙텔 코리빙하우스 고시텔...,https://blog.naver.com/maplehouse_hoegi/223451447869,2024-05-19
회기역,경희대 회기시장 맛집 직접 삶은 양지 육수로 맛을 낸 하마쌀국수,https://blog.naver.com/belle-berry/223451029283,2024-05-19
회기역,서울 회기 셀프사진관 아이랑 가족사진 유어셔터 스쿨 (주차정보),https://blog.naver.com/seulberry/223451403316,2024-05-19
회기역,일상 기록_몇개월만인지,https://blog.naver.com/klee99/223451496251,2024-05-19
회기역,회기 경희대 카페 벤첸트 인생 에그타르트 맛집,https://blog.naver.com/wiz_js/223451383498,2024-05-19
회기역,유튜버 정육왕 맛집 <죽도숯불간받이>  솔직 실망후기ㅠ_ㅠ,https://blog.naver.com/siasia852/223451716132,2024-05-19
회기역,시립대 헬스장 / 어깨 뭉칠 때 운동법은?,https://blog.naver.com/mjspoland/223451315838,2024-05-19
회기역,"[하오짬] 동대문구, 회기역, 휘경동, 삼육병원 근처 비건 옵션 중식당",https://blog.naver.com/lovekyg1013/223451320728,2024-05-19
회기역,서울휘경 행복주택 예비입주자 모집 동대문구 대학생 주거추천,https://blog.naver.com/xoghks4767/223451204175,2024-05-19
회기역,[회기역 맛집 추천] 계림원 회기역점 / 누룽지통닭 / 야식 맛집,https://blog.naver.com/tidy-_-/223451240933,2024-05-19
회기역,경희대 한국외대 고려대 회기역 근처  오관스시 후기,https://blog.naver.com/dolphinforestcake/223451341349,2024-05-19
회기역,휘경제2동 맛집 파티스리소소 가격 및 후기 추천 리뷰 주차 예약 알아봐요,https://blog.naver.com/verted22134/223451276851,2024-05-19
회기역,"[회기 속눈썹] 노글루 속눈썹펌으로 손상 적은, 제이에스뷰티",https://blog.naver.com/mh08660/223451688949,2024-05-19
회기역,"우아한과일 경희대점/ 다채롭고 신선한 과일디저트, 경희대카페&경희대디저트",https://blog.naver.com/happinessisnearby/223451694285,2024-05-19
회기역,그대쉴꽃 - 티오마카세 / 동대문오마카세,https://blog.naver.com/nini______/223451681321,2024-05-19
회기역,"우아한과일 경희대점/ 다채롭고 신선한 과일디저트, 경희대카페&경희대디저트",https://blog.naver.com/happinessisnearby/223451694285,2024-05-19
회기역,경희대 맛집 모임&회식 장소로 추천하는 상록회관 연탄구이 경희대점!,https://blog.naver.com/ghkddmlxo58/223451189819,2024-05-19
회기역,주뱅 경희대학교 일반대학원 조리외식경영학과 석사3기 10주차✍,https://blog.naver.com/dlwh134/223450404058,2024-05-18
회기역,퇴계원역/사릉역/금곡역/평내호평역 경춘선 시간표,https://blog.naver.com/tmdqja1756/223450741340,2024-05-18
회기역,회기 맛집 / 회기역 파스타 / 회기 레스토랑 / 경희대 시립대 파스타 맛집 ‘윤양식’,https://blog.naver.com/tmddus8741/223450812660,2024-05-18
회기역,망우역/신내역/갈매역/별내역 경춘선 시간표,https://blog.naver.com/tmdqja1756/223450954557,2024-05-18
회기역,동대문 장안동 친절한 선글라스 안경 뿔테 퍼스트안경원 후기,https://blog.naver.com/tlstlstl/223450850262,2024-05-18
회기역,윤양식_회기역 파스타 맛집,https://blog.naver.com/duoeun01/223450289075,2024-05-18
회기역,"회기역 치과 치아 깨짐 일어난 환자,신경치료 후 크라운 과정으로 치아 보존 성공한 사례",https://blog.naver.com/miteumdent/223449064971,2024-05-18
회기역,요즘 일상 8:: 별거없음,https://blog.naver.com/jeena0714/223450876573,2024-05-18
회기역,휘경동 여성운동은 커브스 휘경!!,https://blog.naver.com/mulan67/223450508892,2024-05-18
회기역,휘경 해모로프레스티지 휘경동아파트경매,https://blog.naver.com/buja9416/223450513935,2024-05-18
회기역,"맛집, 뇨끼와 파스타가 너무 맛있는 생면파스타 전문점 '윤양식' 회기역 경희대 맛집 인정",https://blog.naver.com/su_331/223450984085,2024-05-18
회기역,[경희대 밥집 / 회기밥집] 미친 가성비를 자랑하는 경희대한식 맛집_사나이뚝배기 경희대점,https://blog.naver.com/youloveme07/223450966912,2024-05-18
회기역,[외대필라테스/이문동필라테스] 스트레스 해소에 좋은 영양성분_옐로우필라테스,https://blog.naver.com/yellowpilates1/223450409841,2024-05-18
회기역,경희대생이 추천하는 경희대 초밥 가성비 맛집_차칸스시,https://blog.naver.com/83079796/223450968020,2024-05-18
회기역,회기역 개인파산 5대보험꼭 명심할 사항,https://blog.naver.com/sentence3359/223450477325,2024-05-18
회기역,어쩔건데 어쩔티비,https://blog.naver.com/yoonbebe1006/223450266966,2024-05-18
회기역,회기역 파스타 맛집 _ 라구 파스타가 맛있는 라구퀸,https://blog.naver.com/yjs06070/223450958572,2024-05-18
회기역,한국어평가론 실전편 | feat. K-MOOC,https://blog.naver.com/negativentropy/223450514674,2024-05-18
회기역,청량리 헬스장 / 커피가 운동에 주는 영향,https://blog.naver.com/mjspoland/223450813279,2024-05-18
회기역,회기 민들레 영토 -> 광운대 역 데이트,https://blog.naver.com/limmalro/223451006322,2024-05-18
회기역,스프링브리즈 인 캠퍼스 옥주현 with Friends 후기,https://blog.naver.com/sol_la_sol/223450822926,2024-05-18
회기역,청량리 무한리필 착한 가격 한식 음식점 술고래,https://blog.naver.com/bigstar_nh/223450514519,2024-05-18
회기역,[결혼준비] 인천부평 벨라루체웨딩홀 플래너 없이 워킹으로 상담 및 계약한 후기...,https://blog.naver.com/haneuran/223450213696,2024-05-18
회기역,우당탕탕 회기 태웅회관 수납장 교체 1탄! 외대 킥복싱 무에타이,https://blog.naver.com/w80602/223450666852,2024-05-18
회기역,골프채 중고 보상받아 타이틀리스트 T400 여성아이언 구매,https://blog.naver.com/kildshin/223450514387,2024-05-18
회기역,외대 헬스장 / 직장인 변비 증상 원인 및 해결 방안!,https://blog.naver.com/mjspoland/223450529574,2024-05-18
회기역,회기 맛집 신상 술집 이자카야 '쿠시노아 회기점' 내돈내산,https://blog.naver.com/foodlovetrip/223449700488,2024-05-18
회기역,(5월 4주차) 전국 대학축제 연예인 일정 정리,https://blog.naver.com/nova234/223450915379,2024-05-18
회기역,[동대문구/회기] 매장에서 직접 만드는 생면 파스타 맛집 “윤양식”,https://blog.naver.com/ssun0532/223450659193,2024-05-18
회기역,소개쿠폰 EVENT<예림>수석디자이너,https://blog.naver.com/cheongnyangni4040/223449461955,2024-05-17
회기역,원당역에서 보는 노을,https://blog.naver.com/ogion/223449357468,2024-05-17
회기역,[외대필라테스/이문동필라테스] 인터벌로 유산소 타는 법_옐로우필라테스,https://blog.naver.com/yellowpilates1/223449984790,2024-05-17
회기역,외대 헬스장 / 회기pt / 경희대 헬스장 / 이원효 트레이너의 프론트 레이즈 운동 방법을...,https://blog.naver.com/otamin/223449703443,2024-05-17
회기역,상봉중고폰 만족스럽게 판매 가능합니다,https://blog.naver.com/moopago/223449522381,2024-05-17
회기역,[일상]24.04.19~05.17,https://blog.naver.com/qufrhcblog/223450180855,2024-05-17
회기역,서산 꼬마김밥 전국맛집,https://blog.naver.com/iiwm2all/223449755419,2024-05-17
회기역,외대 헬스장 / 회기pt / 경희대 헬스장 / 이원효 트레이너의 프론트 레이즈 운동 방법을...,https://blog.naver.com/otamin/223449703443,2024-05-17
회기역,[회기필라테스/경희대필라테스] 저칼로리 다이어트 치즈케이크 레시피_옐로우필라테스,https://blog.naver.com/yellowpilates1/223449325800,2024-05-17
회기역,경희대골프연습장/장갑의 종류와 교체시기!,https://blog.naver.com/mjspoland/223449702149,2024-05-17
회기역,"청량리 재개발 면목동, 하월곡동, 수유동 신통 기획 재개발",https://blog.naver.com/yjr27677/223449918805,2024-05-17
회기역,[월말정산] 갑진년 잎새달,https://blog.naver.com/zipel0726/223450072796,2024-05-17
회기역,서울 동대문구 회기동 맛집 | 경희대 앞 양도 많고 진국인 배달전문 순대국 킹 추천하는...,https://blog.naver.com/kevin_0722/223450010089,2024-05-17
회기역,[맛집] 쿠시노아 회기점 :: 일본 느낌 낭낭한 야키토리 오뎅바,https://blog.naver.com/mogumogu108/223449750690,2024-05-17
회기역,활발한 회기역고기집! 생생한 맛과 분위기를 만끽하다,https://blog.naver.com/vsuchmessn/223449123992,2024-05-17
회기역,회기역헬스장 외대헬스장은 여기야 feat. 빌리프짐 회기점 추천 필라테스 pt 레슨받기,https://blog.naver.com/heydey_ii/223449539924,2024-05-17
회기역,회기역 카페 - 회기역 근처 가볍게 점심 먹기 괜찮은 [ 읍천리382 ] 내돈사먹 후기,https://blog.naver.com/hyoddiya/223449731139,2024-05-17
회기역,"회기역맛집:)황제순대국밥이 맛있는""호텔글로리 회기본점"" 배민체험 솔직후기",https://blog.naver.com/kongbongsuji89/223449955485,2024-05-17
회기역,"회기역 1번출구 붕어빵 5개 1,000원 위치, 웨이팅 후기",https://blog.naver.com/foodlovetrip/223449789888,2024-05-17
회기역,[동대문구] 회기역 근처 경희대 근처 점심 먹을 곳 추천 ‘사나이 뚝배기 경희대점’...,https://blog.naver.com/gpal574/223449810999,2024-05-17
회기역,[회기역] 짜글이 한식 맛집~ 사나이뚝배기 경희대점!,https://blog.naver.com/d2ys0302/223449900630,2024-05-17
회기역,"스트라바 오류, UFO 주행",https://blog.naver.com/dogstylist/223449405640,2024-05-17
회기역,경희대 고기집 맛집 솥뚜껑 삼겹살 조선부뚜막 경희대점,https://blog.naver.com/adorabletoi/223449409050,2024-05-17
회기역,회기역PT 안녕하세요! 물리치료사에서 트레이너로 일 하고 있는 범트레이너입니다!,https://blog.naver.com/beom-pt/223449344507,2024-05-17
회기역,외대앞역맛집 동대문 1등 족발집은 역시 달라 고민 말고 스트레스 풀자 이문족발,https://blog.naver.com/o__o_pal_/223449643375,2024-05-17
회기역,"회기역.삼육병원.시립대 맛집ㅣ얌샘김밥 회기역점, 회기역 시립대 근처 깔끔한 분식 한 상",https://blog.naver.com/hee_mmishh/223449134823,2024-05-17
회기역,[회기태닝 이너프태닝] 선착순 로션무료증정 이벤트!!         경희대태닝/회기동태닝...,https://blog.naver.com/enoughtanning2/223449836157,2024-05-17
회기역,[내 돈 내산/수원/송죽동] 우리 동네에 이런 전집이?! 나들목 민속 주점 후기.,https://blog.naver.com/mjua7845/223449100548,2024-05-17
회기역,회기눈썹으로 유명한 페니터치 회기역점 자연눈썹 후기,https://blog.naver.com/awwwcx/223449826084,2024-05-17
회기역,[서울 회기역 카페] 한시십일분 2호점 / 낮 1시 10분 밝고 따뜻한 분위기의 카페☀️,https://blog.naver.com/ahzhsid/223450112831,2024-05-17
회기역,12☃️ 코카인을 왜하냐? 리스펙은 합법 마약인데,https://blog.naver.com/akaido0114/223449678264,2024-05-17
회기역,청량리 루프탑 맛집 해피디쉬클럽 분위기 좋은 회기술집,https://blog.naver.com/christina13-/223449479234,2024-05-17
회기역,"#1081,1082. 회기 경희대 방탈출 더코드 회기점 : 강력1반 추격자, 재즈바w 위험한거래",https://blog.naver.com/grapefruit--/223449263944,2024-05-17
회기역,소크라테스와 1호선 지하철,https://blog.naver.com/calvin0207/223450121880,2024-05-17
회기역,"국산 피닉스 VS 빅토리 파크골프채 도봉, 구리, 중랑, 의정부, 양주 파크골프채 매장...",https://blog.naver.com/kildshin/223449933589,2024-05-17
회기역,회기 공방 / 캔들 취미반 안내,https://blog.naver.com/melt_studio/223449947022,2024-05-17
회기역,"[회기] 경희대속눈썹, 회기브라질리언 왁싱 전문 샵 제이에스뷰티",https://blog.naver.com/dkelwndrja/223449874039,2024-05-17
회기역,"[서울/회기]회기역 대형 베이커리 카페""964커피&너만보여크루아상""내돈내산 주차",https://blog.naver.com/w_jong/223448525577,2024-05-17
회기역,[회기/태곱이네] 시립대 삼육보건대 인생 야채곱창 맛집추천,https://blog.naver.com/jaehee_2_o8o/223448470592,2024-05-17
회기역,방충망 주문제작 창문방충망설치 가격,https://blog.naver.com/scent-label/223449017220,2024-05-17
회기역,한강자전거도로 보다는 일반 도로가 낫다,https://blog.naver.com/dogstylist/223449423137,2024-05-17
회기역,[회기미용실] 남자머리 드롭컷 다운펌 잘하는 세르피에헤어 2호점(ft. 희철 실장),https://blog.naver.com/iyh1994/223450039366,2024-05-17
회기역,회기역 점심 맛집 라구퀸 내돈내산 후기,https://blog.naver.com/jejoilja/223449386518,2024-05-17
회기역,동대문 청량리 비뇨기과 배우자 여자친구의 칸디다 질염 남자에게 전염? 어떤...,https://blog.naver.com/open8222/223449436267,2024-05-17
회기역,스포벡 경희대점 '해머스트랭스 MTS' 머신입고 임박! <MTS 레그 익스텐션 소개편> 회기...,https://blog.naver.com/otamin/223449787575,2024-05-17
회기역,봄 24년 인기 아이언세트 추천 순위기록 미즈노 V300 타이틀리스트,https://blog.naver.com/ehrudtn888/223449955794,2024-05-17
회기역,"[교린이QnA]회기역 대학생 치아교정, '심미선'으로 나만의 맞춤 교정을 찾으세요",https://blog.naver.com/wenly7/223449724947,2024-05-17
회기역,호텔 모우 회기역 호텔 가성비 좋은 비지니스호텔,https://blog.naver.com/jems80/223449271410,2024-05-17
회기역,[회기역] 장안동 가성비 맛집 챠오챠오 스파게티,https://blog.naver.com/remine-/223416154512,2024-05-17
회기역,회기 중국집 경희대 골목 중식당 '황하',https://blog.naver.com/kir245/223449800061,2024-05-17
회기역,회기역pt 위아짐 헬스 초보자의 성지 with 조보경 트레이너,https://blog.naver.com/orot-i/223449804519,2024-05-17
회기역,서울 회기역 경희대 맛집 모두랑즉석떡볶이 추억의 맛 내돈내산,https://blog.naver.com/thirsty89/223449518660,2024-05-17
회기역,"[동대문구/회기] 회기역 경희대 데이트하기 좋은 양식 맛집 ""윤양식""",https://blog.naver.com/jiwon7141/223449881386,2024-05-17
회기역,한강자전거도로 보다는 일반 도로가 낫다,https://blog.naver.com/dogstylist/223449423137,2024-05-17
회기역,[서울 여권사진 찍는곳]태양스튜디오/우리아이 첫 여권 만들기,https://blog.naver.com/khrhello/223448566550,2024-05-17
회기역,회기역 맛집 : 보쌈김치가 맛있는 회기왕족발보쌈,https://blog.naver.com/mmmmhhzz/223448514367,2024-05-16
회기역,[동대문구 회기역] 돼지국밥,https://blog.naver.com/ssdhjkl0136/223448985424,2024-05-16
회기역,이문동 그집 회기역 직영점 회기역고기맛집,https://blog.naver.com/jems80/223448881191,2024-05-16
회기역,회기 위험한맛집 : 경성고기꾼 내돈내산,https://blog.naver.com/laboratory_man/223447754528,2024-05-16
회기역,[나도 이런 창업해야지] LUCKYMEAL_럭키밀 어플 내돈내산 추천 ♡,https://blog.naver.com/mean0e/223448905481,2024-05-16
회기역,회기역 개인회생 인가 법무사 상담 희망이 되어줄 친절한 방법,https://blog.naver.com/gugujuljul3/223421393717,2024-05-16
회기역,[회기역/경희대] 비건젤네일맛집 '반디인하우스 큐릭스 회기점',https://blog.naver.com/kajaow/223449021625,2024-05-16
회기역,회기 위험한맛집 : 경성고기꾼 내돈내산,https://blog.naver.com/laboratory_man/223447754528,2024-05-16
회기역,[회기역] 존맛 국밥집 '이조 감자탕',https://blog.naver.com/greatkite924/223448647868,2024-05-16
회기역,[나도 이런 창업해야지] LUCKYMEAL_럭키밀 어플 내돈내산 추천 ♡,https://blog.naver.com/mean0e/223448905481,2024-05-16
회기역,지금 이대로도 충분히 괜찮아,https://blog.naver.com/jjks0109/223448698862,2024-05-16
회기역,동대문 휘경동헬스장 / 빌리프짐 헬스&PT 회기점 / 가격주차리뷰,https://blog.naver.com/goodgameggyo/223448798164,2024-05-16
회기역,[웨딩홀 투어]  서울 회기역 벨라루체웨딩홀 신부대기실,https://blog.naver.com/15439/223448159769,2024-05-16
회기역,봄이 왔더래요 !,https://blog.naver.com/bhr32/223448635355,2024-05-16
회기역,회기동헬스장 / 회기동헬스학교 / 가격주차리뷰,https://blog.naver.com/goodgameggyo/223448784983,2024-05-16
회기역,[회기역/휘경동 맛집] 판모밀&고기만두 조합이 최고인 놀부만두,https://blog.naver.com/ssonda0917/223448364299,2024-05-16
회기역,5. 16. 목. 맑음,https://blog.naver.com/noinsarang8275/223448857095,2024-05-16
회기역,[회기] 회기역 키토김밥 맛집 ‘삼청당 경희대점’,https://blog.naver.com/green_memo/223448602043,2024-05-16
회기역,[회기역] 고기야미안해 / 사카나 고멘!,https://blog.naver.com/wnsldj6223/223448903582,2024-05-16
회기역,회기역 치과 국가건강검진(구강검진) 가능한 치과는어디? 직장인구강검진...,https://blog.naver.com/seoulsudc/223448766026,2024-05-16
회기역,W6.웨딩홀 최종결정/ 회기역 벨라루체 웨딩홀 플로체홀,https://blog.naver.com/minsubini/223447905154,2024-05-16
회기역,회기역)누구를 위한 히레카츠(어쩌다빠진돈까스 경희대점),https://blog.naver.com/suho4890/223439666264,2024-05-16
회기역,"이곳은 서울 회기역 근처에 위치하고 있는데, 딸기를 활용한 각종 디저트로 유명하다.",https://blog.naver.com/cqbqie9383/223448855523,2024-05-16
회기역,"동대문구 지역 분위기 둘러보기(4) 휘경동, 장안동 : 외대앞역 극초역세권 이문...",https://blog.naver.com/song_jn/223448278078,2024-05-16
회기역,"[대학축제] 2024 경희대학교 'Highlight'(싸이, 데이식스, 라이즈, 비비, 이승윤...",https://blog.naver.com/dong_gra_ming/223447321977,2024-05-16
회기역,경희대 제일 유명한 떡볶이집 푸른하늘,https://blog.naver.com/2820jjy/223448751678,2024-05-16
회기역,[회기 보드게임카페] 홈즈앤루팡 경희대 : 탐정을 연상케하는 인테리어,https://blog.naver.com/segnoyum_3/223449055304,2024-05-16
회기역,4월은 바로 내생일 ! 근데 중간고사를 곁들인 ! 4월일상,https://blog.naver.com/aksenthgml18/223448548878,2024-05-16
회기역,회기동헬스장 / MJ스포랜드 회기점 / 가격주차리뷰,https://blog.naver.com/goodgameggyo/223448781869,2024-05-16
회기역,한 해를 돌아보며...,https://blog.naver.com/uzinim/223448493369,2024-05-16
회기역,동대문 휘경동헬스장 / 라온PT스튜디오 / 가격주차리뷰,https://blog.naver.com/goodgameggyo/223448805677,2024-05-16
회기역,연화사 부처님 생카 후기 | 부처님 오신 날 서울에서 절밥 먹기,https://blog.naver.com/brillantehyun/223448805020,2024-05-16
회기역,동대문구 회기 맛집 일구구삼 고기 또 가야겠다,https://blog.naver.com/isaac_87/223447745820,2024-05-16
회기역,동대문 휘경동헬스장 / 조인성퍼스널트레이닝 운동과학센터 회기점 / 가격주차리뷰,https://blog.naver.com/goodgameggyo/223448801967,2024-05-16
회기역,외대역) 이문 래미안 라그란데 단지내상가 선착순 분양中 홍보관 방문예약 방법,https://blog.naver.com/new-story/223447987771,2024-05-16
회기역,회기 헬스장 /외대 헬스장 / 스포벡 경희대점 고재현 트레이너의 고릴라 로우 운동...,https://blog.naver.com/otamin/223448693716,2024-05-16
회기역,"회기 경희대 대형카페 추천 [8번가] 분위기맛집 밤 12시까지영업, 카공 모임 적합(메뉴...",https://blog.naver.com/enoughddu/223448869113,2024-05-16
회기역,동대문 청량리 비뇨기과 흰 치즈 두부 같은 질 분비물 Candida albicans 칸디다 질염...,https://blog.naver.com/open8222/223448274347,2024-05-16
회기역,[동대문구 휘경동] 다용도점포 매매,https://blog.naver.com/seoulkyocharo/223446138728,2024-05-16
회기역,[서울 시립대 주변 맛집] 분위기 좋은 가성비 와인바 와인처럼,https://blog.naver.com/adorable_0-/223448987193,2024-05-16
회기역,"환상적인 회기역고기집, 상록회관 연탄구이 경희대점에서의 친절한 만찬",https://blog.naver.com/fearthlawr94/223448247806,2024-05-16
회기역,서울숲 저녁노을에 물들다,https://blog.naver.com/deepingrace/223448989980,2024-05-16
회기역,동대문 휘경동헬스장 / 회기태웅회관 / 가격주차리뷰,https://blog.naver.com/goodgameggyo/223448808084,2024-05-16
회기역,동대문 휘경동헬스장 / 회기태웅회관 / 가격주차리뷰,https://blog.naver.com/goodgameggyo/223448808084,2024-05-16
회기역,회기맛집 일구구삼 고기 쫀득살과 천겹살 경희대 앞 고기맛집 가성비 최고,https://blog.naver.com/adorabletoi/223448949747,2024-05-16
회기역,회기맛집 회기삼겹살 가성비최고! 꽃돼지무한삼겹,https://blog.naver.com/ninano252/223448173750,2024-05-16
회기역,동대문 휘경동헬스장 / 피트니스스타 / 가격주차리뷰,https://blog.naver.com/goodgameggyo/223448806832,2024-05-16
회기역,[GAK HAIR] 회기남자머리 드랍컷 익쌤 솔직 후기,https://blog.naver.com/sicx_x/223449045320,2024-05-16
회기역,[외대필라테스/이문동필라테스] 필라테스가 처음이라면?_필라테스 용어편_옐로우필라테스,https://blog.naver.com/yellowpilates1/223448680490,2024-05-16
회기역,회기 맛집 냉동 삼겹살 경희대 한우 차돌박이 냉삼이 맛있는 337,https://blog.naver.com/iivw721/223448595410,2024-05-16
회기역,용인 이동읍 맛집 내가널낙지,https://blog.naver.com/rettyvely99/223448530010,2024-05-16
회기역,한국외대 맛집 외대앞역 이문동 맛집 수제버거  153 스트리트,https://blog.naver.com/ymyg1102/223448981346,2024-05-16
회기역,"[회기 크로네 베이커리] 샌드위치, 잠봉프로마쥬, 앙버터, 소금버터빵, 크림꽈배기...",https://blog.naver.com/angela_43/223448653701,2024-05-16
회기역,나의 어린시절 고향집 근처 한국의맛 파전집에 방문하다(Visiting a...,https://blog.naver.com/86lcgood/223448747820,2024-05-16
회기역,"쿠팡 퀵플렉스 구리3캠프, 일산, 양주2, 전주1, 일산1, 인천 1~2 백업 및 택배...",https://blog.naver.com/cargonjoblogis/223448552241,2024-05-16
회기역,[서울 회기 경희대] 경희대 앞에 간단하게 타코야끼 파는 곳! 넘버원타코에 갔습니다!,https://blog.naver.com/j227ung/223447897170,2024-05-16
회기역,여자 초보 드라이버 핑GLE3 편하고 긴 거리 방향성 골린이 탈출,https://blog.naver.com/kildshin/223448265574,2024-05-16
회기역,"갑진년 2024년 기사월 5월 운세풀이는 인묘품, 묘진품, 사오품 을 봐야한다.1탄",https://blog.naver.com/saju2649/223448602520,2024-05-16
회기역,회기눈썹 꼼꼼하게 잘하는 곳 페니터치! 눈썹문신 5일차 후기,https://blog.naver.com/south_nine7/223448533248,2024-05-16
회기역,"[경희대맛집] 회기 원탑 돈까스 시키카츠 회기본점 , 맛있게 먹는 꿀팁",https://blog.naver.com/kwunil1020/223448384266,2024-05-16
회기역,동대문운전연수 제대로 된 실력을 쌓아보자,https://blog.naver.com/xedgxivn/223447940410,2024-05-16
회기역,휘경자이디센시아 전망 및 입지분석(이문4구역),https://blog.naver.com/being_dache/223435903615,2024-05-16
회기역,동대문 이문동헬스장 / 헬스파크 / 가격주차리뷰,https://blog.naver.com/goodgameggyo/223448856449,2024-05-16
회기역,동대문구 실용음악학원 동대문구 드럼학원 동대문구 보컬학원 동대문구 댄스학원...,https://blog.naver.com/fwinds/223448265584,2024-05-16
회기역,24년 4월 일기(부동산 임장/초보 체험단/ADSP 독학/프리미엄 막걸리),https://blog.naver.com/nongnogne/223444593219,2024-05-16
회기역,경희대카페 스터디하기좋은 대형카페 _ 8번가  8street,https://blog.naver.com/mydreameruza/223448746614,2024-05-16
회기역,동대문미용실 악성곱슬 볼륨매직 예스헤어 만족합니다,https://blog.naver.com/co1823/223447979677,2024-05-16
회기역,회기역 빵맛집 베이커리카페 964커피&너만보여크루아상,https://blog.naver.com/whao33/223449041413,2024-05-16
